                  epoch,         train/box_loss,         train/cls_loss,         train/dfl_loss,   metrics/precision(B),      metrics/recall(B),       metrics/mAP50(B),    metrics/mAP50-95(B),           val/box_loss,           val/cls_loss,           val/dfl_loss,                 lr/pg0,                 lr/pg1,                 lr/pg2
                      1,                 1.6528,                 4.6212,                 1.8193,                0.11632,                0.06061,                0.04472,                0.01801,                 2.0642,                 34.203,                 2.2106,             0.00066111,             0.00066111,             0.00066111
                      2,                 1.9842,                 3.7839,                 2.0678,                0.15104,                0.25758,                 0.0846,                0.03666,                 2.0056,                 58.599,                 2.1281,              0.0010649,              0.0010649,              0.0010649
                      3,                 1.9829,                 3.2641,                 2.0328,                0.22814,                0.25758,                0.13653,                0.04828,                 2.2351,                  15.52,                  2.262,              0.0012046,              0.0012046,              0.0012046
                      4,                 1.8645,                 2.8093,                 1.9685,                0.34387,                0.24242,                0.21981,                0.09632,                 1.6812,                 13.063,                 1.7734,               0.000812,               0.000812,               0.000812
                      5,                 1.7823,                  2.679,                 1.8801,                0.46962,                0.48485,                0.43988,                0.22635,                 1.6264,                 6.8312,                 1.6154,               0.000416,               0.000416,               0.000416
